[
{"id_museum":"1","img_museum":"https:\/\/picsum.photos\/250?image=9","nama_museum":"Museum Indonesia Raya","alamat_museum":"Jl. NKRI Indonesia Tercinta selalu di hati","wilayah_museum":"Indonesia","jenis_museum":"Umum","tipe_museum":"Umum","pemilik_museum":"Indonesia","pengelola_museum":"Pemerintah","sejarah_museum":"Lorem Ipsum is simply dummy text of the printing and typesetting industry. Lorem Ipsum has been the industry's standard dummy text ever since the 1500s, when an unknown printer took a galley of type and scrambled it to make a type specimen book. It has survived not only five centuries, but also the leap into electronic typesetting, remaining essentially unchanged. It was popularised in the 1960s with the release of Letraset sheets containing Lorem Ipsum passages, and more recently with desktop publishing software like Aldus PageMaker including versions of Lorem Ipsum.","lokasi_museum":"-2.9668941170100904, 104.78647843223881","jadwal_museum":"Senin\t07:00 - 07:00 Tutup\tRp. 0 ,\r\nSelasa\t08:00 - 15:30 Tutup\tRp. 4.000 ,\r\nRabu\t08:00 - 15:30 Buka\tRp. 4.000 ,\r\nKamis\t08:00 - 15:30 Buka\tRp. 4.000 ,\r\nJumat\t08:00 - 14:30 Buka\tRp. 4.000 ,\r\nSabtu\t08:00 - 13:30 Buka\tRp. 4.000 ,\r\nMinggu\t07:00 - 07:00 Tutup\tRp. 0 , \r\nTanggal Merah\t07:00 - 07:00 Tutup\tRp. 100 "},
{"id_museum":"2","img_museum":"https:\/\/indonesiakaya.com\/wp-content\/uploads\/2020\/10\/museum_bala_putera_dewa_1200.jpg","nama_museum":"Museum Bala Putra Dewa","alamat_museum":"Jl. Palembang, Sumatera selatan","wilayah_museum":"Indonesia","jenis_museum":"Umum","tipe_museum":"Umum","pemilik_museum":"Indonesia","pengelola_museum":"Pemerintah","sejarah_museum":"Museum Balaputra Dewa adalah salah satu dari apa yang disebut Museum Negeri Indonesia, yang mewakili masing-masing provinsi di Indonesia. Pembangunan museum dimulai pada tahun 1978 dan bangunannya diresmikan pada tanggal 5 November 1984. Keputusan untuk nama \"Balaputra Dewa\" didasarkan pada India abad ke-9 berdaulat Balaputra yang tercatat dalam prasasti yang ditemukan di Nalanda, India. Prasasti Nalanda menyebutkan hubungannya dengan membangun sebuah biara Buddha di bawah sponsornya. Kedua namanya disebutkan ditemukan di prasasti di Jawa pada abad ke-9 masehi yang berkaitan kekalahannya di Jawa atas Rakai Pikatan, seorang penguasa dari dinasti Sanjaya, yang diminta Balaputra untuk meninggalkan Jawa untuk menetap di tempat yang sekarang kota Palembang, Sumatra Selatan.[1]","lokasi_museum":"-2.9672536191896395, 104.78852667291493","jadwal_museum":"Senin\t07:00 - 07:00 Tutup\tRp. 0 ,\r\nSelasa\t08:00 - 15:30 Tutup\tRp. 4.000 ,\r\nRabu\t08:00 - 15:30 Buka\tRp. 4.000 ,\r\nKamis\t08:00 - 15:30 Buka\tRp. 4.000 ,\r\nJumat\t08:00 - 14:30 Buka\tRp. 4.000 ,\r\nSabtu\t08:00 - 13:30 Buka\tRp. 4.000 ,\r\nMinggu\t07:00 - 07:00 Tutup\tRp. 0 , \r\nTanggal Merah\t07:00 - 07:00 Tutup\tRp. 100 "},
{"id_museum":"3","img_museum":"https:\/\/cdn2.tstatic.net\/tribunnewswiki\/foto\/bank\/images\/Museum-Sabang.jpg","nama_museum":"Museum Sabang","alamat_museum":"Kota Sabang, Aceh","wilayah_museum":"Aceh, Indonesia","jenis_museum":"Museum Umum","tipe_museum":"Tipe C","pemilik_museum":"Badan Pengusahaan Kawasan Perdagangan Bebas dan Pelabuhan Bebas (BPKS)","pengelola_museum":"Badan Pengusahaan Kawasan Perdagangan Bebas dan Pelabuhan Bebas (BPKS)","sejarah_museum":"Museum Sabang pendiriannya digagas oleh pimpinan Badan Pengusahaan Kawasan Perdagangan Bebas dan Pelabuhan Bebas (BPKS) pada tahun 2013. Gagasan ini timbul karena melihat keadaan alam Sabang tidak saja memiliki kekayaan alam bawah laut yang sangat indah namun juga memiliki nilai sejarah yang banyak dan beragam","lokasi_museum":"5.894262233170784, 95.31732443672128","jadwal_museum":"Senin\t07:00 - 07:00 Tutup\tRp. 0,\r\nSelasa\t08:00 - 16:00 Buka\tRp. 0,\r\nRabu\t08:00 - 16:00 Buka\tRp. 0,\r\nKamis\t08:00 - 16:00 Buka\tRp. 0,\r\nJumat\t08:00 - 15:30 Buka\tRp. 0,\r\nSabtu\t08:00 - 15:30 Buka\tRp. 0,\r\nMinggu\t08:00 - 15:30 Buka\tRp. 0,\r\nTanggal Merah\t07:00 - 07:00 Tutup\tRp. 0"},
{"id_museum":"4","img_museum":"https:\/\/visitjawatengah.jatengprov.go.id\/assets\/images\/taruna-abdul-jalil-museum.jpg","nama_museum":"Museum Taruna Abdul djalil","alamat_museum":"Kota Magelang, Jawa Tengah","wilayah_museum":"Jawa Tengah,Indonesia","jenis_museum":"Museum Khusus","tipe_museum":"Tipe C","pemilik_museum":"Tentara Nasional Indonesia Angkatan Darat","pengelola_museum":"Unit Pelaksana Teknis (UPT) Museum Taruna Abdul Djalil","sejarah_museum":"Museum Taruna Abdul Djalil merupakan museum khusus yang menampilkan benda sejarah sehubungan peristiwa berlangsungnya pendidikan keprajuritan setingkat akademi di Indonesia mulai tahun 1945 sampai sekarang. Selain berfungsi sebagai sarana pendidikan untuk meningkatkan semangat patriotisme dan nilai-nilai kejuangan bagi Taruna Akademi Militer dan masyarakat umum, museum ini juga menjadi salah satu objek wisata sejarah di Kota Magelang. Museum dibangun pada 4 Oktober 1964 dengan nama museum Dharma Bhakti Taruna untuk menyimpan benda-benda penting Senat Taruna, namun pada perkembangannya museum butuh ruangan yang lebih besar sehingga pada 5 Oktober 1968 dibuatlah bangunan baru dengan nama “Museum Taruna”. Pada 10 November 1975 museum diganti nama “Museum Taruna Abdul Djalil” untuk mengenang dan menghormati Abdul Djalil yang gugur dalam pertempuran dengan Belanda pada 22 Februari 1949. Museum ini berada di bawah kepemilikan TNI AD dan dikelola oleh Unit Pelaksana T eknis (UPT) Museum Taruna Abdul Djalil.","lokasi_museum":"-7.500401988414756, 110.2094757247776","jadwal_museum":"\r\nSenin\t07:00 - 07:00 Buka\tRp. 100.000,\r\nSelasa\t07:00 - 07:00 Buka\tRp. 100.000,\r\nRabu\t07:00 - 07:00 Buka\tRp. 100.000,\r\nKamis\t07:00 - 07:00 Buka\tRp. 100.000,\r\nJumat\t07:00 - 07:00 Buka\tRp. 100.000,\r\nSabtu\t07:00 - 07:00 Buka\tRp. 100.000,\r\nMinggu\t07:00 - 07:00 Buka\tRp. 100.000,\r\nTanggal Merah\t07:00 - 07:00 Buka\tRp. 300.000"},
{"id_museum":"5","img_museum":"https:\/\/lh5.googleusercontent.com\/p\/AF1QipPeBgWd65g3674u4WWT9jtcK5qIfAiL90lRqLRS=w408-h272-k-no","nama_museum":"Museum Pahlawan Nasional Jamin Gintings","alamat_museum":"Kabupaten Karo, Sumatera Utara","wilayah_museum":"Sumatera Utara, Indonesia","jenis_museum":"Museum Khusus","tipe_museum":"Tipe B","pemilik_museum":"Jamin Gintings","pengelola_museum":"Keluarga Jamin Gintings","sejarah_museum":"Museum Pahlawan Nasional Jamin Gintings diresmikan pada tanggal 17 September 2013 oleh Menteri Pertahanan Purnomo Yusgiantoro. Tujuan didirikan museum ini sebagai ikon dari desa tempat kelahiran Letnan Jenderal Jamin Gintings, yaitu Desa Suka. Selain itu diharapkan dapat menjadi wadah untuk melestarikan nilai-nilai perjuangan dan budaya","lokasi_museum":"3.0609498176931127, 98.52057471892317","jadwal_museum":"\r\nSenin\t07:00 - 07:00 Buka\tRp. 100.000,\r\nSelasa\t07:00 - 07:00 Buka\tRp. 100.000,\r\nRabu\t07:00 - 07:00 Buka\tRp. 100.000,\r\nKamis\t07:00 - 07:00 Buka\tRp. 100.000,\r\nJumat\t07:00 - 07:00 Buka\tRp. 100.000,\r\nSabtu\t07:00 - 07:00 Buka\tRp. 100.000,\r\nMinggu\t07:00 - 07:00 Buka\tRp. 100.000,\r\nTanggal Merah\t07:00 - 07:00 Buka\tRp. 300.000"},
{"id_museum":"6","img_museum":"https:\/\/cdn2.tstatic.net\/tribunnewswiki\/foto\/bank\/images\/Museum-Sri-Serindit.jpg","nama_museum":"Museum Sri Serindit Natuna","alamat_museum":"Kabupaten Natuna, Kepulauan Riau","wilayah_museum":"Kepulauan Riau, Indonesia","jenis_museum":"Museum Umum","tipe_museum":"Tipe C","pemilik_museum":"Yayasan BP2SN","pengelola_museum":"Zaharuddin","sejarah_museum":"Museum Sri Serindit Natuna merupakan museum umum yang diresmikan pada 23 Agustus 2008 oleh Bupati Natua, Drs. H. Daeng Rusnadi, M.Si. Museum ini berada di bawah kepemilikan Yayasan BP2SN dan dikelola oleh Bapak Zaharuddin.","lokasi_museum":"3.949097746512309, 108.36908331118356","jadwal_museum":"Senin\t07:00 - 07:00 Buka\tRp. 100.000,\r\nSelasa\t07:00 - 07:00 Buka\tRp. 100.000,\r\nRabu\t07:00 - 07:00 Buka\tRp. 100.000,\r\nKamis\t07:00 - 07:00 Buka\tRp. 100.000,\r\nJumat\t07:00 - 07:00 Buka\tRp. 100.000,\r\nSabtu\t07:00 - 07:00 Buka\tRp. 100.000,\r\nMinggu\t07:00 - 07:00 Buka\tRp. 100.000,\r\nTanggal Merah\t07:00 - 07:00 Buka\tRp. 300.000"}
]
